{"cameraMode":{"drawMode":0,"name":"Shaded","section":"Shading Mode"},"sceneLighting":true,"audioPlay":false,"sceneViewState":{"showFog":true,"showMaterialUpdate":true,"showSkybox":false,"showFlares":true,"showImageEffects":true,"showParticleSystems":true,"showVisualEffectGraphs":true,"m_FxEnabled":true},"in2DMode":false,"pivot":{"x":0.7119350433349609,"y":-51.60541915893555,"z":63.625892639160159},"rotation":{"x":0.35391682386398318,"y":0.015722651034593583,"z":-0.005948431324213743,"w":0.9351233839988709},"size":45.84968566894531,"orthographic":false}