{"cameraMode":{"drawMode":0,"name":"Shaded","section":"Shading Mode"},"sceneLighting":true,"audioPlay":false,"sceneViewState":{"showFog":true,"showMaterialUpdate":true,"showSkybox":false,"showFlares":true,"showImageEffects":true,"showParticleSystems":true},"in2DMode":false,"pivot":{"x":-55.3773307800293,"y":-74.04691314697266,"z":29.630611419677736},"rotation":{"x":0.020818736404180528,"y":0.944923460483551,"z":-0.32082197070121767,"w":0.061317767947912219},"size":153.0924072265625,"orthographic":false}